model,roc_auc,average_precision
logistic,0.9711127803681968,0.7135422032569664
lightgbm,0.9630683449519369,0.8386133274796133
xgboost,0.9766517749474579,0.8700201438337837
